epoch,step,min,max,mean,std
1,1000,-5774.06005859375,-5774.06005859375,-5774.06005859375,0.0
