epoch,step,min,max,mean,std
1,1000,-7.959339141845703,-7.959339141845703,-7.959339141845703,0.0
