epoch,step,min,max,mean,std
1,1000,-0.02070760354399681,0.026306677609682083,-2.0378582121338695e-05,0.0009879999561235309
