epoch,step,min,max,mean,std
1,1000,-0.021763313561677933,0.03071432188153267,-9.36949800234288e-06,0.00301910238340497
