epoch,step,min,max,mean,std
1,1000,-0.08583566546440125,-0.046650007367134094,-0.06574640423059464,0.01681685820221901
