epoch,step,min,max,mean,std
1,1000,-0.2857862710952759,0.0703129768371582,-0.10703592747449875,0.1332034021615982
