epoch,step,min,max,mean,std
1,1000,-0.06185735762119293,0.04730590060353279,-0.0004977808566763997,0.006327192764729261
