epoch,step,min,max,mean,std
1,1000,-0.0035096851643174887,0.003727672388777137,6.516675784951076e-05,0.0009048216161318123
