epoch,step,min,max,mean,std
1,1000,-0.008266473188996315,0.009156354703009129,3.465944610070437e-05,0.001222787774167955
