epoch,step,min,max,mean,std
1,1000,-0.01175340823829174,0.008179593831300735,-0.00015847053145989776,0.0018333783373236656
