epoch,step,min,max,mean,std
1,1000,-0.4259956479072571,0.3084048628807068,-0.012971864081919193,0.10671571642160416
