epoch,step,min,max,mean,std
1,1000,-0.10199432075023651,0.08985727280378342,-0.00020518140809144825,0.01310274749994278
