epoch,step,min,max,mean,std
1,1000,-0.03214121609926224,0.03555498272180557,0.0026116929948329926,0.016166066750884056
