epoch,step,min,max,mean,std
1,1000,-0.0432811975479126,0.03908606991171837,0.0006549062673002481,0.011891546659171581
