epoch,step,min,max,mean,std
1,1000,-0.9502496123313904,1.6674880981445312,0.0048743379302322865,0.12461819499731064
