epoch,step,min,max,mean,std
1,1000,-0.7746957540512085,0.4566259980201721,-0.0004641594714485109,0.04512838274240494
