epoch,step,min,max,mean,std
1,1000,-0.26619213819503784,-0.26619213819503784,-0.26619213819503784,0.0
