epoch,step,min,max,mean,std
1,1000,-0.053035568445920944,0.07901809364557266,0.0007523894892074168,0.017265668138861656
