epoch,step,min,max,mean,std
1,1000,-2.3006603717803955,0.008883051574230194,-0.8082610964775085,0.46103283762931824
