epoch,step,min,max,mean,std
1,1000,-0.4213840663433075,-0.4213840663433075,-0.4213840663433075,0.0
