epoch,step,min,max,mean,std
1,1000,-0.32687172293663025,0.40640950202941895,0.008098460733890533,0.06182602792978287
