epoch,step,min,max,mean,std
1,1000,-0.02354661002755165,0.02616070583462715,0.0008883295813575387,0.010701090097427368
