epoch,step,min,max,mean,std
1,1000,-59.892513275146484,-59.892513275146484,-59.892513275146484,0.0
2,2000,-54.38679122924805,-54.38679122924805,-54.38679122924805,0.0
3,3000,-50.732460021972656,-50.732460021972656,-50.732460021972656,0.0
4,4000,-47.375,-47.375,-47.375,0.0
