epoch,step,min,max,mean,std
1,1000,7.029077529907227,7.029077529907227,7.029077529907227,0.0
2,2000,4.433835983276367,4.433835983276367,4.433835983276367,0.0
3,3000,2.997861862182617,2.997861862182617,2.997861862182617,0.0
4,4000,2.1208724975585938,2.1208724975585938,2.1208724975585938,0.0
