epoch,step,min,max,mean,std
1,1000,-0.015387993305921555,0.018648387864232063,-0.0017541206907480955,0.012663468718528748
2,2000,-0.10964653640985489,0.14045123755931854,-0.01001010276377201,0.09731552749872208
3,3000,0.001136585371568799,0.05944984778761864,0.024501275271177292,0.022000541910529137
4,4000,-0.0512300580739975,0.03283800929784775,-0.0065543558448553085,0.029843663796782494
