epoch,step,min,max,mean,std
1,1000,-0.20266298949718475,0.5896229147911072,0.026166042312979698,0.08131532371044159
2,2000,-0.8140699863433838,1.1246919631958008,0.017307020723819733,0.19253891706466675
3,3000,-0.6193642020225525,1.7033560276031494,0.059549324214458466,0.17570984363555908
4,4000,-0.5520699620246887,1.1876062154769897,-0.011993398889899254,0.15893340110778809
