epoch,step,min,max,mean,std
1,1000,-0.36934956908226013,1.0031616687774658,0.06898707151412964,0.1612994521856308
2,2000,-0.48490458726882935,0.15736964344978333,-0.04185488075017929,0.07861000299453735
3,3000,-0.44078540802001953,0.5055124759674072,0.021604226902127266,0.08216667920351028
4,4000,-0.362658828496933,0.79771488904953,0.025696849450469017,0.11494762450456619
