epoch,step,min,max,mean,std
1,1000,-0.024119418114423752,0.017639076337218285,0.003733013989403844,0.01644045114517212
2,2000,-0.06868325918912888,0.07039763033390045,-0.0027644652873277664,0.04942575469613075
3,3000,-0.004104310180991888,0.038265686482191086,0.021033428609371185,0.0162445567548275
4,4000,-0.07350441813468933,0.008344456553459167,-0.03506249561905861,0.0341070294380188
