epoch,step,min,max,mean,std
1,1000,-0.0072464910335838795,0.006389139220118523,0.0002668198721949011,0.001981898909434676
2,2000,-0.017025114968419075,0.015631066635251045,0.0004736846894957125,0.0049980212934315205
3,3000,-0.005562777630984783,0.009730882942676544,0.0004945290274918079,0.0022152031306177378
4,4000,-0.006972208619117737,0.007190954405814409,0.0004887924296781421,0.002308447612449527
