epoch,step,min,max,mean,std
1,1000,-0.22933059930801392,0.3203143775463104,-0.00048779035569168627,0.032560352236032486
2,2000,-0.20856285095214844,0.226114884018898,-8.296297892229632e-05,0.0290067195892334
3,3000,-0.29589974880218506,0.2818171977996826,-0.00039576413109898567,0.029368015006184578
4,4000,-0.4303043782711029,0.22055403888225555,-0.0007903132936917245,0.033521898090839386
