epoch,step,min,max,mean,std
1,1000,-0.20408260822296143,0.1960420459508896,-0.001402026740834117,0.02972208335995674
2,2000,-0.24111387133598328,0.24087801575660706,-0.00039799034129828215,0.02794404700398445
3,3000,-0.2992439568042755,0.32526665925979614,-0.0004826496005989611,0.028945574536919594
4,4000,-0.2738843560218811,0.2759263217449188,-0.0008015065686777234,0.029376715421676636
