epoch,step,min,max,mean,std
1,1000,-0.002640786115080118,0.0032569020986557007,7.039417687337846e-05,0.0010022552451118827
2,2000,-0.006841509602963924,0.00982389785349369,0.0002691558329388499,0.0021798356901854277
3,3000,-0.0038169424515217543,0.005046849604696035,0.000227231954340823,0.0013166223652660847
4,4000,-0.0027902547735720873,0.006219976115971804,0.00023965832951944321,0.0012463412713259459
