epoch,step,min,max,mean,std
1,1000,-0.29890352487564087,-0.29890352487564087,-0.29890352487564087,0.0
2,2000,-0.34455981850624084,-0.34455981850624084,-0.34455981850624084,0.0
3,3000,-0.5910186767578125,-0.5910186767578125,-0.5910186767578125,0.0
4,4000,-0.5552822947502136,-0.5552822947502136,-0.5552822947502136,0.0
