epoch,step,min,max,mean,std
1,1000,-0.047545067965984344,0.04146828129887581,-0.0021828971803188324,0.023691212758421898
2,2000,-0.0676337480545044,0.0607786551117897,-0.0020606357138603926,0.03559432178735733
3,3000,-0.06436528265476227,0.06246183067560196,-0.0009211632423102856,0.034035563468933105
4,4000,-0.05637573450803757,0.04887347295880318,-0.0039367713034152985,0.028585005551576614
