epoch,step,min,max,mean,std
1,1000,-1.0917497873306274,1.1359193325042725,0.0013351243687793612,0.1828492432832718
2,2000,-1.2304819822311401,1.4285556077957153,0.0005291208508424461,0.17600493133068085
3,3000,-1.4703813791275024,1.9112036228179932,-0.0005373053136281669,0.20731012523174286
4,4000,-1.5219053030014038,1.5476142168045044,-0.0008537520770914853,0.22434575855731964
