epoch,step,min,max,mean,std
1,1000,-2.4786624908447266,0.0005963786970824003,-0.9998631477355957,0.5412775874137878
2,2000,-2.9659483432769775,0.00030216987943276763,-1.202042579650879,0.6157412528991699
3,3000,-1.8807060718536377,0.04221402853727341,-0.8109418749809265,0.4229123890399933
4,4000,-2.6333513259887695,5.269948815112002e-05,-1.1340656280517578,0.6147975325584412
