epoch,step,min,max,mean,std
1,1000,-0.08703373372554779,0.09398496150970459,-0.0014583113370463252,0.029223797842860222
2,2000,-0.13775143027305603,0.21304047107696533,-0.0016544347163289785,0.051361460238695145
3,3000,-0.14550919830799103,0.17453700304031372,8.374219760298729e-06,0.04914597049355507
4,4000,-0.12642799317836761,0.12908881902694702,-0.005602385848760605,0.04270730912685394
