epoch,step,min,max,mean,std
1,1000,-0.0258270725607872,0.02508125640451908,-0.00023576634703204036,0.012572277337312698
2,2000,-0.03111516311764717,0.03278592601418495,-0.00048113061347976327,0.016077017411589622
3,3000,-0.055866122245788574,0.06776431947946548,-0.00031369132921099663,0.028380874544382095
4,4000,-0.050872232764959335,0.04854261875152588,-0.00324031594209373,0.025381265208125114
