epoch,step,min,max,mean,std
1,1000,-3.6695590019226074,0.0007892962894402444,-1.1048475503921509,0.594703733921051
2,2000,-2.387263298034668,0.005007470026612282,-0.8266139030456543,0.46790337562561035
3,3000,-2.5691592693328857,0.007760178297758102,-0.8917093873023987,0.5110746622085571
4,4000,-2.915363311767578,2.4844644940458238e-05,-1.0661420822143555,0.5637567639350891
