epoch,step,min,max,mean,std
1,1000,-0.043768517673015594,0.04333944246172905,8.642155444249511e-05,0.016040414571762085
2,2000,-0.06505650281906128,0.05739114060997963,-0.00031236541690304875,0.022218599915504456
3,3000,-0.1439700573682785,0.09628112614154816,-0.0004779297159984708,0.03975691646337509
4,4000,-0.10979653894901276,0.08149407804012299,-0.004784989636391401,0.03675898537039757
