epoch,step,min,max,mean,std
1,1000,-0.40377113223075867,0.434440553188324,-0.002190651837736368,0.07762801647186279
2,2000,-0.31236451864242554,0.3453938364982605,-0.0014009755104780197,0.06180938705801964
3,3000,-0.355350136756897,0.39443299174308777,-0.0014474152121692896,0.06700025498867035
4,4000,-0.40293437242507935,0.4333152174949646,-0.0030212001875042915,0.07825348526239395
