epoch,step,min,max,mean,std
1,1000,-1.5454715490341187,1.829421877861023,-0.00045295406016521156,0.19286254048347473
2,2000,-1.5571702718734741,2.311586856842041,0.0015069142682477832,0.22739140689373016
3,3000,-1.0536514520645142,1.6242702007293701,0.0009612500434741378,0.17188678681850433
4,4000,-1.689781665802002,1.7316187620162964,-0.0009413014049641788,0.2319096028804779
