epoch,step,min,max,mean,std
1,1000,-0.35605549812316895,0.3394591212272644,-0.004488244652748108,0.07526912540197372
2,2000,-0.3674948811531067,0.3549041748046875,-0.0030852905474603176,0.08389245718717575
3,3000,-0.2757299244403839,0.2742539346218109,-0.0019941560458391905,0.058585815131664276
4,4000,-0.35197800397872925,0.3581642508506775,-0.004486554767936468,0.08116903901100159
